City_ID,City,Country,Date,Lat,Lng,Max Temp,Humidity,Cloudiness,Wind Speed
0,Areosa,PT,2021-04-14 03:54:04,41.7178,-8.8571,59.0,94,20,4.14
1,Balkhash,KZ,2021-04-14 03:54:04,46.844,74.9804,48.2,37,0,33.55
2,Rikitea,PF,2021-04-14 03:54:05,-23.1203,-134.9692,77.76,66,6,8.21
3,Bluff,NZ,2021-04-14 03:54:05,-46.6,168.3333,53.01,90,100,1.99
4,Makakilo City,US,2021-04-14 03:54:05,21.3469,-158.0858,80.6,44,1,10.36
5,Bredasdorp,ZA,2021-04-14 03:47:12,-34.5322,20.0403,59.0,94,0,2.3
6,Dikson,RU,2021-04-14 03:54:06,73.5069,80.5464,1.76,89,73,14.97
7,Thompson,CA,2021-04-14 03:54:06,55.7435,-97.8558,21.2,53,20,10.36
8,Saint George,US,2021-04-14 03:54:07,37.1041,-113.5841,73.4,14,1,12.66
9,Busselton,AU,2021-04-14 03:52:14,-33.65,115.3333,68.0,65,73,3.0
10,Hilo,US,2021-04-14 03:49:32,19.7297,-155.09,75.2,64,75,11.5
11,Albany,US,2021-04-14 03:52:18,42.6001,-73.9662,55.99,83,99,2.57
12,Bethel,US,2021-04-14 03:54:07,41.3712,-73.414,50.0,62,75,3.44
13,High Level,CA,2021-04-14 03:54:08,58.5169,-117.136,39.2,56,40,3.44
14,Buchanan,LR,2021-04-14 03:54:08,5.8808,-10.0467,79.0,83,100,2.89
15,Saldanha,ZA,2021-04-14 03:54:08,-33.0117,17.9442,60.8,72,2,3.44
16,Atuona,PF,2021-04-14 03:54:09,-9.8,-139.0333,81.01,75,100,17.47
17,Turukhansk,RU,2021-04-14 03:54:09,65.8167,87.9833,26.22,89,100,12.08
18,Sorland,NO,2021-04-14 03:54:09,67.667,12.6934,36.81,56,97,23.06
19,Gondanglegi,ID,2021-04-14 03:54:10,-7.7479,112.0132,86.41,65,9,2.39
20,New Norfolk,AU,2021-04-14 03:54:10,-42.7826,147.0587,64.0,73,69,8.01
21,Tasiilaq,GL,2021-04-14 03:54:11,65.6145,-37.6368,28.4,74,39,9.22
22,Hithadhoo,MV,2021-04-14 03:54:11,-0.6,73.0833,82.72,64,83,5.28
23,Vaini,TO,2021-04-14 03:47:11,-21.2,-175.2,78.8,78,20,8.05
24,Sholapur,IN,2021-04-14 03:54:11,17.6833,75.9167,85.75,38,55,8.05
25,Manaure,CO,2021-04-14 03:54:12,11.7751,-72.4445,75.79,84,100,7.76
26,Bubaque,GW,2021-04-14 03:54:12,11.2833,-15.8333,77.13,81,31,14.61
27,Nome,US,2021-04-14 03:54:13,64.5011,-165.4064,33.8,86,75,10.36
28,Cortes,ES,2021-04-14 03:54:13,41.9395,-1.4396,57.0,81,99,4.61
29,Cape Town,ZA,2021-04-14 03:54:13,-33.9258,18.4232,63.0,100,75,9.22
30,Barrow,US,2021-04-14 03:54:14,71.2906,-156.7887,8.6,72,1,8.05
31,Upernavik,GL,2021-04-14 03:54:14,72.7868,-56.1549,1.89,96,100,10.38
32,Aden,YE,2021-04-14 03:54:14,12.7794,45.0367,80.56,75,12,11.01
33,Hermanus,ZA,2021-04-14 03:54:15,-34.4187,19.2345,64.83,74,0,6.29
34,Praya,CV,2021-04-14 03:54:15,14.9215,-23.5087,77.0,38,0,25.32
35,Butaritari,KI,2021-04-14 03:54:15,3.0707,172.7902,82.72,75,89,11.59
36,Luderitz,NA,2021-04-14 03:54:16,-26.6481,15.1594,78.8,25,0,9.89
37,Bilibino,RU,2021-04-14 03:54:16,68.0546,166.4372,12.11,60,78,0.98
38,Port Elizabeth,ZA,2021-04-14 03:54:16,-33.918,25.5701,66.2,100,90,5.75
39,Ponta Do Sol,PT,2021-04-14 03:54:17,32.6667,-17.1,64.4,88,20,3.44
40,Kloulklubed,PW,2021-04-14 03:54:17,7.0419,134.2556,78.8,89,90,11.5
41,Yellowknife,CA,2021-04-14 03:54:18,62.456,-114.3525,33.8,80,90,3.44
42,Cap Malheureux,MU,2021-04-14 03:54:18,-19.9842,57.6142,81.0,74,74,5.99
43,Moyobamba,PE,2021-04-14 03:50:50,-6.05,-76.9667,65.93,96,100,1.12
44,Adrar,MR,2021-04-14 03:54:18,20.5022,-10.0711,75.83,17,78,17.05
45,Punta Arenas,CL,2021-04-14 03:54:19,-53.15,-70.9167,55.4,67,75,24.16
46,Grindavik,IS,2021-04-14 03:54:19,63.8424,-22.4338,41.0,100,75,6.91
47,Mhlume,SZ,2021-04-14 03:54:20,-26.0333,31.85,62.01,93,0,1.66
48,Tuktoyaktuk,CA,2021-04-14 03:54:20,69.4541,-133.0374,19.4,79,20,4.61
49,Krumbach,DE,2021-04-14 03:54:20,48.2418,10.3632,26.01,91,46,1.92
50,Ushuaia,AR,2021-04-14 03:50:30,-54.8,-68.3,46.4,81,75,23.02
51,Nuevo Progreso,MX,2021-04-14 03:54:21,23.1667,-97.95,78.01,72,79,1.99
52,Puerto Leguizamo,CO,2021-04-14 03:54:21,-0.1934,-74.7819,74.01,91,100,2.46
53,Maragogi,BR,2021-04-14 03:54:22,-9.0122,-35.2225,77.29,86,61,4.0
54,Carnarvon,AU,2021-04-14 03:54:22,-24.8667,113.6333,78.21,38,0,20.74
55,Plavinas,LV,2021-04-14 03:54:23,56.6178,25.7255,35.38,87,100,4.23
56,Neuquen,AR,2021-04-14 03:54:23,-38.9516,-68.0591,68.0,52,0,4.61
57,Nanortalik,GL,2021-04-14 03:54:23,60.1432,-45.2371,34.92,73,0,4.63
58,Longyan,CN,2021-04-14 03:54:24,25.1072,117.0225,75.99,70,100,2.17
59,Tiksi,RU,2021-04-14 03:54:24,71.6872,128.8694,21.16,80,82,7.09
60,San Nicolas,PH,2021-04-14 03:54:24,18.1725,120.5953,86.0,74,40,8.05
61,Puerto Ayora,EC,2021-04-14 03:54:25,-0.7393,-90.3518,75.99,95,12,5.01
62,Rawson,AR,2021-04-14 03:54:25,-43.3002,-65.1023,67.37,52,3,16.37
63,Kavieng,PG,2021-04-14 03:54:26,-2.5744,150.7967,83.73,68,27,8.63
64,Chimoio,MZ,2021-04-14 03:54:26,-19.1164,33.4833,62.6,100,20,3.29
65,East London,ZA,2021-04-14 03:54:26,-33.0153,27.9116,69.8,94,40,13.8
66,Udomlya,RU,2021-04-14 03:54:27,57.8794,34.9925,49.28,84,93,5.79
67,Souillac,MU,2021-04-14 03:54:27,-20.5167,57.5167,78.8,83,75,8.05
68,Airai,TL,2021-04-14 03:54:27,-8.9266,125.4092,74.32,46,1,3.96
69,Rajmahal,IN,2021-04-14 03:54:28,25.05,87.8333,99.79,16,1,5.28
70,Ribeira Grande,PT,2021-04-14 03:54:28,38.5167,-28.7,60.91,92,92,10.31
71,Krasni Okny,UA,2021-04-14 03:54:28,47.5404,29.46,44.11,86,100,7.92
72,Grand-Santi,GF,2021-04-14 03:54:29,4.25,-54.3833,73.04,99,97,2.37
73,Hami,CN,2021-04-14 03:54:29,42.8,93.45,63.61,9,44,12.88
74,Sitka,US,2021-04-14 03:54:30,57.0531,-135.33,44.6,76,90,11.5
75,Ocos,GT,2021-04-14 03:54:30,14.5094,-92.1933,80.6,89,1,3.87
76,Ucluelet,CA,2021-04-14 03:53:17,48.9329,-125.5528,50.0,66,47,6.17
77,Lagos,NG,2021-04-14 03:54:28,6.5833,3.75,78.8,94,20,2.3
78,Flinders,AU,2021-04-14 03:54:31,-34.5833,150.8552,75.0,50,68,1.99
79,Kizhinga,RU,2021-04-14 03:54:31,51.8462,109.9097,38.21,29,100,14.29
80,Kaka,TM,2021-04-14 03:54:31,37.3482,59.6143,68.23,24,36,4.61
81,Maryville,US,2021-04-14 03:54:32,35.7565,-83.9705,62.6,59,20,2.57
82,Puerto Baquerizo Moreno,EC,2021-04-14 03:54:32,-0.9,-89.6,75.74,88,37,6.11
83,Las Palmas,ES,2021-04-14 03:54:32,28.4204,-14.0131,66.2,82,0,10.36
84,Chuy,UY,2021-04-14 03:54:33,-33.6971,-53.4616,57.27,81,0,2.44
85,Saint-Philippe,RE,2021-04-14 03:54:33,-21.3585,55.7679,80.6,69,0,3.44
86,Mangrol,IN,2021-04-14 03:54:34,21.1167,70.1167,85.59,43,2,11.56
87,Marck,FR,2021-04-14 03:54:34,50.949,1.9433,36.0,85,3,4.52
88,Praia,CV,2021-04-14 03:54:35,14.9215,-23.5087,77.0,38,0,25.32
89,Broken Hill,AU,2021-04-14 03:54:35,-31.95,141.4333,71.6,40,40,11.5
90,Coari,BR,2021-04-14 03:54:35,-4.085,-63.1414,74.55,97,100,2.91
91,Santa Isabel Do Rio Negro,BR,2021-04-14 03:54:36,-0.4139,-65.0192,73.42,98,100,1.1
92,Ancud,CL,2021-04-14 03:54:36,-41.8697,-73.8203,55.0,100,90,1.14
93,Bitlis,TR,2021-04-14 03:54:36,38.5,42.25,39.2,93,75,6.91
94,Narsaq,GL,2021-04-14 03:54:37,60.9167,-46.05,35.6,69,1,3.2
95,Port Alfred,ZA,2021-04-14 03:54:37,-33.5906,26.891,69.19,86,69,9.69
96,Gallup,US,2021-04-14 03:54:38,35.5281,-108.7426,57.2,15,1,10.36
97,Kampong Thum,KH,2021-04-14 03:49:48,12.7111,104.8887,92.39,51,99,7.29
98,Kapaa,US,2021-04-14 03:53:02,22.0752,-159.319,77.0,61,40,19.57
99,Lompoc,US,2021-04-14 03:54:39,34.6391,-120.4579,51.8,71,32,10.36
100,Muyezerskiy,RU,2021-04-14 03:54:39,63.9333,31.65,32.04,90,100,6.46
101,Guerrero Negro,MX,2021-04-14 03:54:39,27.9769,-114.0611,58.26,77,16,15.99
102,Ust-Ordynskiy,RU,2021-04-14 03:54:40,52.805,104.7508,39.2,52,75,15.66
103,Mudgee,AU,2021-04-14 03:54:40,-32.5943,149.5871,75.0,28,3,17.27
104,Lebu,CL,2021-04-14 03:54:40,-37.6167,-73.65,56.32,95,33,8.01
105,Hofn,IS,2021-04-14 03:54:41,64.2539,-15.2082,40.1,57,8,9.26
106,Faanui,PF,2021-04-14 03:54:41,-16.4833,-151.75,82.08,74,100,13.24
107,Bonthe,SL,2021-04-14 03:54:42,7.5264,-12.505,78.94,85,100,3.27
108,Mataura,NZ,2021-04-14 03:54:42,-46.1927,168.8643,53.01,90,100,1.99
109,Zhuzhou,CN,2021-04-14 03:54:42,27.8333,113.15,60.8,100,90,6.71
110,Ulcinj,ME,2021-04-14 03:54:43,41.9294,19.2244,48.2,87,75,8.05
111,Qinzhou,CN,2021-04-14 03:52:36,21.95,108.6167,83.35,64,98,10.65
112,Esmeraldas,BR,2021-04-14 03:54:43,-19.7625,-44.3139,68.0,82,20,6.91
113,Gat,IL,2021-04-14 03:54:44,31.61,34.7642,53.01,71,0,5.06
114,Rajshahi,BD,2021-04-14 03:54:44,24.3667,88.6,98.67,25,2,15.08
115,Pangkalanbuun,ID,2021-04-14 03:54:45,-2.6833,111.6167,90.75,52,97,1.92
116,Palu,ID,2021-04-14 03:54:45,-0.8917,119.8707,86.54,65,95,5.12
117,Abu Dhabi,AE,2021-04-14 03:54:45,24.4667,54.3667,82.4,61,0,1.14
118,Pangnirtung,CA,2021-04-14 03:54:46,66.1451,-65.7125,13.1,96,100,3.47
119,Gornyak,RU,2021-04-14 03:54:46,50.9942,81.4661,40.01,63,28,5.97
120,Am Timan,TD,2021-04-14 03:54:46,11.0297,20.2827,77.68,15,30,4.85
121,Assiniboia,CA,2021-04-14 03:54:47,49.6334,-105.9845,23.0,93,100,17.27
122,Bathsheba,BB,2021-04-14 03:54:47,13.2167,-59.5167,78.8,73,40,14.97
123,Bambanglipuro,ID,2021-04-14 03:54:47,-7.95,110.2833,85.93,64,11,5.03
124,Shingu,JP,2021-04-14 03:54:48,33.7333,135.9833,68.0,56,75,18.41
125,Rio Negrinho,BR,2021-04-14 03:54:48,-26.2544,-49.5183,55.0,96,79,2.64
126,Qaanaaq,GL,2021-04-14 03:54:48,77.484,-69.3632,-13.9,88,96,6.62
127,Kouqian,CN,2021-04-14 03:54:49,43.6391,126.4578,46.69,15,4,14.45
128,Camapua,BR,2021-04-14 03:52:38,-19.5314,-54.0439,72.86,64,0,5.03
129,Maungaturoto,NZ,2021-04-14 03:54:49,-36.1,174.3667,62.01,90,88,7.0
130,Mar Del Plata,AR,2021-04-14 03:54:50,-38.0023,-57.5575,61.0,88,0,4.61
131,Charters Towers,AU,2021-04-14 03:54:50,-20.1,146.2667,83.91,37,4,10.2
132,Pokhara,NP,2021-04-14 03:54:50,28.2333,83.9833,88.9,9,1,6.73
133,Namie,JP,2021-04-14 03:54:51,37.4833,141.0,53.01,91,100,15.05
134,Marystown,CA,2021-04-14 03:54:51,47.1666,-55.1483,36.84,86,100,25.95
135,Benghazi,LY,2021-04-14 03:54:52,32.1167,20.0667,66.47,47,71,3.2
136,Severo-Kurilsk,RU,2021-04-14 03:54:52,50.6789,156.125,39.96,89,100,26.84
137,Havre-Saint-Pierre,CA,2021-04-14 03:54:52,50.2334,-63.5986,26.6,93,1,0.83
138,Alofi,NU,2021-04-14 03:54:53,-19.0595,-169.9187,80.6,69,40,9.22
139,Mweka,CD,2021-04-14 03:54:53,-4.85,21.5667,66.06,99,100,1.79
140,Talnakh,RU,2021-04-14 03:54:53,69.4865,88.3972,20.66,91,100,7.25
141,Luancheng,CN,2021-04-14 03:54:54,37.8792,114.6517,68.0,15,0,6.71
142,Coihaique,CL,2021-04-14 03:54:54,-45.5752,-72.0662,53.92,98,100,5.06
143,La Ronge,CA,2021-04-14 03:54:54,55.1001,-105.2842,26.6,50,11,2.3
144,Derzhavinsk,KZ,2021-04-14 03:54:55,51.1,66.3167,41.77,64,2,11.21
145,Zhigansk,RU,2021-04-14 03:54:55,66.7697,123.3711,21.65,85,100,20.89
146,Kruisfontein,ZA,2021-04-14 03:54:55,-34.0033,24.7314,64.99,95,17,5.91
147,North Bend,US,2021-04-14 03:54:56,43.4065,-124.2243,53.6,62,1,13.8
148,Atar,MR,2021-04-14 03:54:56,20.5169,-13.0499,74.52,25,99,12.06
149,Hobart,AU,2021-04-14 03:50:01,-42.8794,147.3294,66.2,39,75,21.85
150,Lodja,CD,2021-04-14 03:54:56,-3.4833,23.4333,68.09,99,100,1.14
151,Sur,OM,2021-04-14 03:53:25,22.5667,59.5289,86.41,42,30,3.22
152,Sabanagrande,CO,2021-04-14 03:54:57,10.7912,-74.7606,80.6,89,75,14.97
153,Vardo,NO,2021-04-14 03:54:57,70.3705,31.1107,24.8,63,0,10.36
154,Kem,RU,2021-04-14 03:54:58,64.9555,34.5793,37.42,80,100,8.32
155,Grand Gaube,MU,2021-04-14 03:54:58,-20.0064,57.6608,81.0,74,75,5.99
156,Geraldton,AU,2021-04-14 03:54:59,-28.7667,114.6,71.6,40,0,17.27
157,Avarua,CK,2021-04-14 03:52:06,-21.2078,-159.775,80.6,69,20,4.61
158,Wajima,JP,2021-04-14 03:54:59,37.4,136.9,44.6,76,75,8.05
159,Katherine,AU,2021-04-14 03:55:00,-14.4667,132.2667,93.2,20,0,9.22
160,Manokwari,ID,2021-04-14 03:55:00,-0.8667,134.0833,83.88,74,95,7.31
161,Aktash,RU,2021-04-14 03:55:00,50.3,87.7333,24.03,44,22,6.53
162,Cidreira,BR,2021-04-14 03:55:01,-30.1811,-50.2056,68.86,64,0,9.57
163,Khlong Luang,TH,2021-04-14 03:55:01,14.0647,100.6458,93.99,62,40,5.75
164,Nikolskoye,RU,2021-04-14 03:55:01,59.7035,30.7861,39.99,75,90,6.71
165,Provideniya,RU,2021-04-14 03:55:02,64.3833,-173.3,21.2,73,90,13.42
166,Nchelenge,ZM,2021-04-14 03:55:02,-9.3451,28.734,65.03,90,100,5.88
167,Yumen,CN,2021-04-14 03:55:03,40.2833,97.2,55.42,12,1,28.01
168,Laurel,US,2021-04-14 03:55:03,39.0993,-76.8483,55.99,87,24,4.16
169,Kodiak,US,2021-04-14 03:47:11,57.79,-152.4072,39.2,81,90,12.66
170,Hualmay,PE,2021-04-14 03:55:04,-11.0964,-77.6139,67.3,86,98,7.65
171,Paraguacu,BR,2021-04-14 03:55:04,-21.5472,-45.7375,63.54,94,99,3.47
172,Pacific Grove,US,2021-04-14 03:55:05,36.6177,-121.9166,53.6,71,75,8.05
173,Lorengau,PG,2021-04-14 03:55:05,-2.0226,147.2712,84.15,67,87,10.49
174,Kanniyakumari,IN,2021-04-14 03:55:06,8.0833,77.5667,84.51,68,91,3.18
175,Pevek,RU,2021-04-14 03:55:06,69.7008,170.3133,0.64,83,69,1.39
176,Kaitangata,NZ,2021-04-14 03:55:06,-46.2817,169.8464,55.99,80,100,14.0
177,Tachov,CZ,2021-04-14 03:55:07,49.7953,12.6337,28.0,92,83,5.01
178,Klaksvik,FO,2021-04-14 03:55:07,62.2266,-6.589,39.2,100,75,8.03
179,Ilulissat,GL,2021-04-14 03:55:07,69.2167,-51.1,23.0,86,75,12.66
180,Nadvoitsy,RU,2021-04-14 03:55:08,63.8667,34.3167,37.87,90,100,7.16
181,Beringovskiy,RU,2021-04-14 03:55:08,63.05,179.3167,15.33,82,91,13.49
182,Pangoa,PE,2021-04-14 03:55:08,-12.1167,-73.0,67.77,98,58,1.32
183,Cherskiy,RU,2021-04-14 03:55:09,68.75,161.3,10.72,71,65,1.43
184,Sainte-Marie,RE,2021-04-14 03:55:09,-20.8968,55.5496,78.8,73,75,10.36
185,Hasaki,JP,2021-04-14 03:55:09,35.7333,140.8333,71.6,78,75,21.85
186,Jiujiang,CN,2021-04-14 03:55:10,29.7333,115.9833,60.06,85,100,16.04
187,Martapura,ID,2021-04-14 03:55:10,-3.4167,114.85,87.8,66,40,4.61
188,Longyearbyen,SJ,2021-04-14 03:55:11,78.2186,15.6401,3.2,66,20,17.27
189,Sabang,ID,2021-04-14 03:50:23,5.8933,95.3214,83.48,69,100,11.36
190,Iqaluit,CA,2021-04-14 03:51:19,63.7506,-68.5145,15.8,73,75,26.46
191,Milverton,CA,2021-04-14 03:55:11,43.5668,-80.9164,48.0,72,84,1.99
192,Roebourne,AU,2021-04-14 03:55:12,-20.7833,117.1333,84.76,64,93,10.02
193,Gubkinskiy,RU,2021-04-14 03:55:12,64.434,76.5026,28.96,86,99,8.05
194,Leningradskiy,RU,2021-04-14 03:55:12,69.3833,178.4167,6.06,88,95,7.16
195,Olafsvik,IS,2021-04-14 03:55:13,64.8945,-23.7142,40.55,92,23,13.76
196,Pangody,RU,2021-04-14 03:55:13,65.85,74.4859,23.77,90,75,7.9
197,Marsa Matruh,EG,2021-04-14 03:55:14,31.3525,27.2453,53.6,87,0,3.44
198,Cantagallo,CO,2021-04-14 03:55:14,7.376,-73.9196,76.91,93,100,1.39
199,Jamestown,US,2021-04-14 03:55:15,42.097,-79.2353,46.4,53,1,8.05
200,Acapulco,MX,2021-04-14 03:55:15,16.8634,-99.8901,77.32,73,0,6.89
201,Vila Velha,BR,2021-04-14 03:55:15,-20.3297,-40.2925,77.0,69,75,10.36
202,Robertsport,LR,2021-04-14 03:55:16,6.7533,-11.3686,80.22,79,100,0.72
203,Jumla,NP,2021-04-14 03:55:16,29.2747,82.1838,64.98,22,12,4.72
204,Faya,SA,2021-04-14 03:55:16,18.3851,42.4509,59.0,72,0,0.69
205,Zhangjiakou,CN,2021-04-14 03:55:17,40.81,114.8794,55.87,17,0,4.47
206,Castro,BR,2021-04-14 03:55:17,-24.7911,-50.0119,55.38,98,47,7.23
207,Camocim,BR,2021-04-14 03:51:25,-2.9022,-40.8411,76.17,91,92,7.47
208,Russell,US,2021-04-14 03:55:17,32.3502,-85.1999,68.0,82,1,3.94
209,Emerald,AU,2021-04-14 03:55:18,-23.5333,148.1667,84.0,30,0,10.36
210,Semporna,MY,2021-04-14 03:55:18,4.4818,118.6112,82.4,83,20,3.44
211,Dicabisagan,PH,2021-04-14 03:55:18,17.0818,122.4157,82.76,73,100,7.38
212,Torbay,CA,2021-04-14 03:55:19,47.6666,-52.7314,35.01,93,90,16.11
213,Zapresic,HR,2021-04-14 03:55:19,45.8564,15.8078,37.0,93,100,8.05
214,Miri,MY,2021-04-14 03:55:19,4.4148,114.0089,84.2,79,40,4.61
215,Tuatapere,NZ,2021-04-14 03:55:20,-46.1333,167.6833,53.01,90,96,1.99
216,Aksarka,RU,2021-04-14 03:55:20,66.5606,67.7975,27.72,82,77,2.66
217,Carupano,VE,2021-04-14 03:55:20,10.6678,-63.2585,77.34,91,79,8.28
218,Mombetsu,JP,2021-04-14 03:55:21,44.3525,143.3525,48.2,40,75,25.32
219,Norman Wells,CA,2021-04-14 03:55:21,65.282,-126.8329,41.0,38,20,5.75
220,Vanimo,PG,2021-04-14 03:55:21,-2.6741,141.3028,82.36,81,99,5.12
221,Mezen,RU,2021-04-14 03:55:22,65.8522,44.24,41.59,97,100,6.33
222,Namibe,AO,2021-04-14 03:55:22,-15.1961,12.1522,79.25,63,8,1.03
223,Margate,GB,2021-04-14 03:55:22,51.3813,1.3862,39.0,80,11,1.01
224,Batagay-Alyta,RU,2021-04-14 03:55:23,67.8006,130.4114,14.5,76,65,4.05
225,Yenangyaung,MM,2021-04-14 03:55:23,20.4667,94.8833,95.25,29,42,3.96
226,La Paz,BO,2021-04-14 03:55:24,-16.5,-68.15,42.8,93,75,4.61
227,Loandjili,CG,2021-04-14 03:55:24,-4.7561,11.8578,77.0,94,20,2.3
228,Loviisa,FI,2021-04-14 03:55:24,60.4566,26.2251,33.01,80,0,5.75
229,Khatanga,RU,2021-04-14 03:55:25,71.9667,102.5,19.42,90,99,16.13
230,Ribas Do Rio Pardo,BR,2021-04-14 03:55:25,-20.4431,-53.7592,74.5,73,73,4.76
231,Kaseda,JP,2021-04-14 03:53:12,31.4167,130.3167,60.8,44,0,12.66
232,Inhambane,MZ,2021-04-14 03:55:26,-23.865,35.3833,69.8,94,20,4.61
233,Tessalit,ML,2021-04-14 03:55:26,20.1986,1.0114,84.61,11,29,7.54
234,Anadyr,RU,2021-04-14 03:55:26,64.75,177.4833,12.2,85,75,15.66
235,Diamantino,BR,2021-04-14 03:55:27,-14.4086,-56.4461,72.1,73,0,2.46
236,Baykit,RU,2021-04-14 03:55:27,61.67,96.37,30.85,71,99,11.36
237,Maxixe,MZ,2021-04-14 03:55:27,-23.8597,35.3472,69.8,94,20,4.61
238,Noumea,NC,2021-04-14 03:55:27,-22.2763,166.4572,78.8,78,90,19.57
239,Korla,CN,2021-04-14 03:55:28,41.7597,86.1469,62.44,23,1,3.18
240,Mahebourg,MU,2021-04-14 03:55:28,-20.4081,57.7,78.8,83,75,8.05
241,Pop,UZ,2021-04-14 03:55:28,40.8736,71.1089,60.8,48,48,6.91
242,Meulaboh,ID,2021-04-14 03:55:29,4.1363,96.1285,83.75,66,92,3.31
243,Itoman,JP,2021-04-14 03:55:30,26.1247,127.6694,75.0,64,75,18.41
244,Bukama,CD,2021-04-14 03:55:30,-9.2,25.85,67.06,94,99,2.15
245,Sao Joao Da Barra,BR,2021-04-14 03:53:11,-21.6403,-41.0511,70.36,76,46,12.59
246,Constitucion,CL,2021-04-14 03:55:30,-35.3333,-72.4167,57.11,84,30,6.8
247,Fort Abbas,PK,2021-04-14 03:55:31,29.1925,72.8536,92.53,12,89,1.5
248,Port Blair,IN,2021-04-14 03:55:31,11.6667,92.75,86.22,63,97,5.99
249,Berlevag,NO,2021-04-14 03:55:32,70.8578,29.0864,26.6,68,0,18.41
250,Maumee,US,2021-04-14 03:55:04,41.5628,-83.6538,51.8,46,1,9.22
251,Pisco,PE,2021-04-14 03:55:32,-13.7,-76.2167,66.2,82,0,13.8
252,Pidhorodna,UA,2021-04-14 03:55:32,48.107,30.8895,39.96,93,87,7.27
253,Paamiut,GL,2021-04-14 03:55:33,61.994,-49.6678,29.25,80,13,5.14
254,Novaya Zaimka,RU,2021-04-14 03:55:33,56.4857,66.9241,47.91,86,100,15.35
255,Sokoto,NG,2021-04-14 03:55:34,13.0609,5.239,79.38,8,5,7.94
256,Sun Valley,US,2021-04-14 03:55:34,39.5963,-119.776,41.0,87,90,8.05
257,Shahr-E Kord,IR,2021-04-14 03:55:35,32.3256,50.8644,35.6,80,0,4.61
258,Port Hardy,CA,2021-04-14 03:55:35,50.6996,-127.4199,50.0,66,75,5.75
259,Yulara,AU,2021-04-14 03:55:35,-25.2406,130.9889,77.0,50,61,13.8
260,Auki,SB,2021-04-14 03:55:36,-8.7676,160.7034,82.02,76,100,1.05
261,Celestun,MX,2021-04-14 03:55:36,20.8667,-90.4,85.39,56,0,18.92
262,Ghanzi,BW,2021-04-14 03:55:37,-21.5667,21.7833,57.9,49,0,8.1
263,Najran,SA,2021-04-14 03:55:37,17.4924,44.1277,69.8,40,0,3.78
264,Jishou,CN,2021-04-14 03:55:37,28.3167,109.7167,58.14,92,100,6.69
265,Kavaratti,IN,2021-04-14 03:55:38,10.5669,72.642,82.92,69,31,0.6
266,Lavrentiya,RU,2021-04-14 03:55:38,65.5833,-171.0,26.87,88,100,6.33
267,Peniche,PT,2021-04-14 03:55:38,39.3558,-9.3811,59.0,93,95,6.26
268,Colac,AU,2021-04-14 03:55:39,-38.3333,143.5833,61.0,95,39,16.44
269,Methoni,GR,2021-04-14 03:55:39,36.8197,21.7049,54.0,81,20,4.61
270,Paliyad,IN,2021-04-14 03:55:39,22.25,71.5667,89.28,17,44,12.68
271,Balabac,PH,2021-04-14 03:55:40,7.9868,117.0645,85.05,63,100,7.31
272,Bulgan,MN,2021-04-14 03:54:24,48.8125,103.5347,29.46,80,100,15.88
273,General Pico,AR,2021-04-14 03:51:13,-35.6566,-63.7568,55.92,78,0,8.97
274,Clyde River,CA,2021-04-14 03:55:41,70.4692,-68.5914,-5.8,84,1,4.61
275,Rusape,ZW,2021-04-14 03:55:41,-18.5278,32.1284,50.85,97,5,2.35
276,Kalaleh,IR,2021-04-14 03:55:41,37.3807,55.4916,55.4,94,75,9.22
277,Zeya,RU,2021-04-14 03:55:42,53.75,127.2667,29.57,43,57,5.41
278,Carutapera,BR,2021-04-14 03:55:42,-1.195,-46.02,76.59,93,99,5.64
279,Cullman,US,2021-04-14 03:53:11,34.1748,-86.8436,60.01,72,1,3.89
280,Trincomalee,LK,2021-04-14 03:55:42,8.5711,81.2335,82.67,73,100,3.49
281,Kobryn,BY,2021-04-14 03:55:43,52.2138,24.3564,39.2,81,90,11.18
282,Miraflores,MX,2021-04-14 03:55:43,19.2167,-98.8083,60.8,63,75,18.41
283,Sokoni,TZ,2021-04-14 03:55:43,-6.4333,39.55,77.0,88,75,14.97
284,Chokurdakh,RU,2021-04-14 03:55:44,70.6333,147.9167,12.65,81,14,5.14
285,Kharela,IN,2021-04-14 03:55:44,25.55,79.8167,97.48,8,0,2.95
286,Arraial Do Cabo,BR,2021-04-14 03:54:07,-22.9661,-42.0278,74.97,61,93,13.09
287,Zhanakorgan,KZ,2021-04-14 03:55:45,43.9098,67.2495,64.42,29,74,18.9
288,Paddhari,IN,2021-04-14 03:55:45,22.4333,70.6,86.0,61,40,6.91
289,Anloga,GH,2021-04-14 03:51:16,5.7947,0.8973,82.4,83,20,6.91
290,Skjervoy,NO,2021-04-14 03:55:46,70.0311,20.9714,34.59,57,100,31.56
291,Kapit,MY,2021-04-14 03:55:46,2.0167,112.9333,91.06,54,60,1.57
292,Pamplona,ES,2021-04-14 03:55:46,42.8169,-1.6432,39.0,87,0,1.14
293,Port Lincoln,AU,2021-04-14 03:55:47,-34.7333,135.8667,64.26,52,100,14.63
294,Ledec,CZ,2021-04-14 03:55:47,49.9745,15.5937,37.4,75,0,3.44
295,Bambous Virieux,MU,2021-04-14 03:55:48,-20.3428,57.7575,81.0,83,75,8.05
296,Youkounkoun,GN,2021-04-14 03:55:48,12.5333,-13.1333,78.64,68,3,8.08
297,Chadiza,ZM,2021-04-14 03:55:48,-14.0678,32.4392,61.45,97,91,5.46
298,Pyu,MM,2021-04-14 03:55:49,18.4833,96.4333,95.68,35,92,8.63
299,Kishi,NG,2021-04-14 03:55:49,9.0833,3.85,74.98,79,38,7.94
300,Kutum,SD,2021-04-14 03:55:50,14.2,24.6667,62.53,14,3,6.69
301,Cascais,PT,2021-04-14 03:55:50,38.6979,-9.4215,61.0,89,96,4.29
302,Mishkino,RU,2021-04-14 03:55:50,55.3389,63.9175,48.11,80,87,12.28
303,Kununurra,AU,2021-04-14 03:55:51,-15.7667,128.7333,95.0,18,56,8.05
304,Coahuayana,MX,2021-04-14 03:55:51,18.7333,-103.6833,70.11,91,24,2.84
305,Oistins,BB,2021-04-14 03:55:51,13.0667,-59.5333,78.8,73,40,14.97
306,Sambava,MG,2021-04-14 03:55:52,-14.2667,50.1667,75.88,87,100,5.59
307,Charlestown,AU,2021-04-14 03:55:52,-32.95,151.6667,82.0,38,5,1.01
308,Kabanjahe,ID,2021-04-14 03:55:53,3.1001,98.4908,86.0,79,40,4.61
309,Kushima,JP,2021-04-14 03:55:53,31.4583,131.2333,64.4,39,75,11.5
310,Aklavik,CA,2021-04-14 03:55:53,68.2191,-135.0107,35.6,51,81,6.91
311,Tshikapa,CD,2021-04-14 03:55:54,-6.4167,20.8,67.35,97,80,1.25
312,Semirom,IR,2021-04-14 03:55:54,31.4167,51.5667,48.81,60,5,1.32
313,Comodoro Rivadavia,AR,2021-04-14 03:55:54,-45.8667,-67.5,66.2,59,0,6.91
314,Garden City,US,2021-04-14 03:55:55,42.3256,-83.331,53.6,50,1,12.66
315,Roma,US,2021-04-14 03:55:55,43.2128,-75.4557,50.0,66,20,3.44
316,Cochrane,CA,2021-04-14 03:52:20,51.1834,-114.4687,35.6,30,1,9.22
317,The Valley,AI,2021-04-14 03:55:55,18.217,-63.0578,80.6,83,20,1.14
318,Melito Di Porto Salvo,IT,2021-04-14 03:55:56,37.9222,15.7714,55.0,76,75,8.05
319,Bulembu,SZ,2021-04-14 03:55:56,-25.9667,31.1333,62.01,94,3,4.61
320,Kazachinskoye,RU,2021-04-14 03:55:57,57.6953,93.2761,35.26,77,100,11.3
321,Katsuura,JP,2021-04-14 03:55:57,35.1333,140.3,69.8,88,75,10.36
322,Georgetown,MY,2021-04-14 03:55:57,5.4112,100.3354,89.6,74,20,4.61
323,Niquelandia,BR,2021-04-14 03:55:58,-14.4739,-48.4597,70.5,63,84,2.55
324,Castries,LC,2021-04-14 03:53:28,13.9957,-61.0061,80.6,89,40,6.91
325,Ayan,RU,2021-04-14 03:55:58,56.45,138.1667,20.39,85,100,21.32
326,Owo,NG,2021-04-14 03:55:59,7.1962,5.5868,69.98,89,98,1.07
327,Aykhal,RU,2021-04-14 03:55:59,66.0,111.5,23.23,85,83,12.82
328,Eydhafushi,MV,2021-04-14 03:55:59,5.1033,73.0708,82.53,72,44,4.32
329,De Aar,ZA,2021-04-14 03:56:00,-30.6497,24.0123,65.62,33,29,0.54
330,Pitimbu,BR,2021-04-14 03:56:00,-7.4706,-34.8086,75.2,100,40,6.51
331,Bocas Del Toro,PA,2021-04-14 03:56:00,9.3333,-82.25,79.66,79,96,4.74
332,Inyonga,TZ,2021-04-14 03:56:01,-6.7167,32.0667,61.03,97,99,2.51
333,Dalvik,IS,2021-04-14 03:56:01,65.9702,-18.5286,41.0,60,0,16.11
334,Suntar,RU,2021-04-14 03:56:02,62.1444,117.6319,33.53,74,99,10.49
335,Orange Cove,US,2021-04-14 03:56:02,36.6244,-119.3137,66.2,34,1,6.91
336,Voznesenye,RU,2021-04-14 03:56:03,61.0106,35.4781,42.96,99,100,5.44
337,Pareora,NZ,2021-04-14 03:56:03,-44.4871,171.2132,57.99,89,75,4.0
338,Aripuana,BR,2021-04-14 03:56:03,-9.1667,-60.6333,73.27,93,13,2.28
339,Marzuq,YE,2021-04-14 03:56:04,14.4,46.4667,72.57,41,7,4.74
340,Zhangye,CN,2021-04-14 03:56:04,38.9342,100.4517,56.17,22,21,6.17
341,Havoysund,NO,2021-04-14 03:56:05,70.9963,24.6622,30.2,100,75,13.8
342,Sola,VU,2021-04-14 03:56:05,-13.8833,167.55,87.8,74,75,5.75
343,College,US,2021-04-14 03:54:40,64.8569,-147.8028,46.4,36,75,4.61
344,Bandarbeyla,SO,2021-04-14 03:56:06,9.4942,50.8122,80.64,68,77,3.42
345,Sao Francisco,BR,2021-04-14 03:56:06,-15.9486,-44.8644,68.2,55,8,1.61
346,Chicla,PE,2021-04-14 03:56:06,-11.705,-76.2686,42.85,91,97,1.9
347,Waddan,LY,2021-04-14 03:56:07,29.1614,16.139,56.71,87,16,13.13
348,Zhanaozen,KZ,2021-04-14 03:56:07,43.3,52.8,60.48,27,73,17.56
349,Beloha,MG,2021-04-14 03:56:08,-25.1667,45.05,70.72,88,4,7.38
350,San Quintin,MX,2021-04-14 03:56:08,30.4833,-115.95,57.04,76,58,13.67
351,Esperance,AU,2021-04-14 03:56:08,-33.8667,121.9,62.6,72,90,10.36
352,Tura,IN,2021-04-14 03:56:09,25.5198,90.2201,89.71,31,0,6.96
353,Tirumullaivasal,IN,2021-04-14 03:56:09,11.2333,79.8333,87.22,61,29,6.35
354,Jiamusi,CN,2021-04-14 03:56:10,46.8333,130.35,40.19,27,100,15.66
355,Ati,TD,2021-04-14 03:56:10,13.2154,18.3353,77.61,7,94,10.51
356,Cuetzalan,MX,2021-04-14 03:56:10,20.0333,-97.5167,74.53,58,91,2.44
357,Tahoua,NE,2021-04-14 03:56:11,14.8888,5.2692,78.8,12,0,4.61
358,Gorontalo,ID,2021-04-14 03:56:11,0.5412,123.0595,84.45,75,91,2.77
359,Saskylakh,RU,2021-04-14 03:56:11,71.9167,114.0833,25.11,80,92,3.8
360,Wanaka,NZ,2021-04-14 03:56:12,-44.7,169.15,59.07,59,29,2.98
361,Paita,PE,2021-04-14 03:56:12,-5.0892,-81.1144,70.45,76,95,12.84
362,Nhulunbuy,AU,2021-04-14 03:56:12,-12.2333,136.7667,87.8,58,40,11.5
363,Victoria,HK,2021-04-14 03:56:10,22.2855,114.1577,82.4,65,40,14.97
364,Macedo De Cavaleiros,PT,2021-04-14 03:56:13,41.5382,-6.9611,48.0,96,92,4.79
365,Ndola,ZM,2021-04-14 03:56:13,-12.9587,28.6366,62.01,89,81,1.99
366,Kiruna,SE,2021-04-14 03:56:13,67.8557,20.2251,21.2,73,10,16.11
367,Arlit,NE,2021-04-14 03:56:14,18.7369,7.3853,79.48,9,0,2.84
368,Verkh-Usugli,RU,2021-04-14 03:56:14,52.7,115.1667,40.37,31,85,11.56
369,Shimoda,JP,2021-04-14 03:56:14,34.6667,138.95,66.2,94,75,19.57
370,Rabo De Peixe,PT,2021-04-14 03:56:15,37.8,-25.5833,60.8,94,75,11.5
371,Alyangula,AU,2021-04-14 03:56:16,-13.8483,136.4192,89.6,55,40,4.61
372,Ostrovskoye,RU,2021-04-14 03:56:16,57.8057,42.2433,47.37,77,32,6.62
373,Zhuanghe,CN,2021-04-14 03:56:16,39.7008,122.9911,56.14,26,0,9.28
374,Mattru,SL,2021-04-14 03:56:17,7.6244,-11.8332,74.57,89,98,2.39
375,Cayenne,GF,2021-04-14 03:56:17,4.9333,-52.3333,81.0,89,20,2.3
376,Stornoway,GB,2021-04-14 03:56:17,58.2093,-6.3865,32.0,93,40,2.3
377,Sobolevo,RU,2021-04-14 03:56:18,54.4299,31.8996,48.99,92,97,5.06
378,Tingo Maria,PE,2021-04-14 03:56:18,-9.2895,-76.0088,68.04,98,74,1.25
379,Winneba,GH,2021-04-14 03:56:18,5.3511,-0.6231,82.4,89,40,3.44
380,Utete,TZ,2021-04-14 03:56:19,-7.986,38.758,70.2,97,98,1.45
381,Santa Maria,BR,2021-04-14 03:56:19,-29.6842,-53.8069,62.6,88,0,8.05
382,Lukovetskiy,RU,2021-04-14 03:56:20,64.2956,41.9211,39.2,87,20,2.24
383,Mitu,CO,2021-04-14 03:56:20,1.1983,-70.1733,71.64,98,100,1.97
384,Kelcyre,AL,2021-04-14 03:56:21,40.3131,20.1894,46.99,91,59,1.01
385,Kathu,TH,2021-04-14 03:56:21,7.9178,98.3332,86.0,74,40,5.75
386,Kudahuvadhoo,MV,2021-04-14 03:56:21,2.6708,72.8944,82.9,68,89,7.85
387,Saint Anthony,US,2021-04-14 03:56:22,45.0205,-93.218,32.0,86,90,9.22
388,Valparaiso,CL,2021-04-14 03:56:22,-33.0393,-71.6273,57.0,82,2,6.35
389,Sorong,ID,2021-04-14 03:56:23,-0.8833,131.25,86.16,63,55,10.25
390,Ipatovo,RU,2021-04-14 03:56:23,45.7181,42.9036,48.07,91,100,9.13
391,Hirara,JP,2021-04-14 03:56:23,24.8,125.2833,75.2,83,75,13.8
392,Sao Filipe,CV,2021-04-14 03:56:24,14.8961,-24.4956,77.16,55,0,9.84
393,Aberdeen,GB,2021-04-14 03:54:08,57.1437,-2.0981,28.4,93,75,1.14
394,Pemangkat,ID,2021-04-14 03:53:14,1.1667,108.9667,83.16,73,43,5.28
395,Chara,RU,2021-04-14 03:56:25,56.9064,118.2631,24.57,72,100,1.63
396,Lucea,JM,2021-04-14 03:56:25,18.451,-78.1736,80.6,83,75,1.14
397,Luena,AO,2021-04-14 03:56:25,-11.7833,19.9167,61.38,90,98,3.83
398,Bereda,ES,2021-04-14 03:56:26,43.2686,-7.5406,45.0,100,60,3.0
399,Dakar,SN,2021-04-14 03:56:26,14.6937,-17.4441,68.0,88,1,11.5
400,Betlitsa,RU,2021-04-14 03:56:27,54.0095,33.9588,46.74,96,48,4.29
401,Mankono,CI,2021-04-14 03:56:27,8.0586,-6.1897,76.15,80,99,6.4
402,Libertador General San Martin,AR,2021-04-14 03:56:27,-23.8064,-64.7876,66.99,92,62,1.72
403,Vallenar,CL,2021-04-14 03:56:28,-28.5708,-70.7581,64.06,69,0,2.13
404,Nayoro,JP,2021-04-14 03:52:17,44.3506,142.4578,39.25,58,87,15.23
405,Omboue,GA,2021-04-14 03:56:28,-1.5746,9.2618,76.5,90,100,2.28
406,Karratha,AU,2021-04-14 03:49:31,-20.7377,116.8463,85.77,62,95,10.89
407,Evensk,RU,2021-04-14 03:56:29,61.95,159.2333,15.53,66,29,7.05
408,Bogotol,RU,2021-04-14 03:56:29,56.2078,89.5342,32.54,98,100,13.85
409,Lasa,IT,2021-04-14 03:56:29,46.6166,10.7002,23.0,58,0,4.61
410,Broome,US,2021-04-14 03:56:30,42.2506,-75.833,51.8,66,40,6.91
411,Alta Floresta,BR,2021-04-14 03:56:30,-9.8756,-56.0861,70.0,97,60,3.51
412,Asfi,MA,2021-04-14 03:56:31,32.2994,-9.2372,63.01,91,97,11.36
413,Porto De Moz,BR,2021-04-14 03:56:31,-1.7483,-52.2383,73.13,98,100,2.73
414,Alexandria,EG,2021-04-14 03:56:31,31.2156,29.9553,53.6,87,7,2.3
415,Isangel,VU,2021-04-14 03:56:32,-19.55,169.2667,86.0,79,75,8.05
416,Channel-Port Aux Basques,CA,2021-04-14 03:56:32,47.5702,-59.1367,38.35,74,100,21.74
417,Baculin,PH,2021-04-14 03:56:32,7.4525,126.5842,82.67,82,96,4.59
418,Praia Da Vitoria,PT,2021-04-14 03:56:33,38.7333,-27.0667,61.0,94,40,10.83
419,Oslo,NO,2021-04-14 03:56:33,59.9127,10.7461,30.99,67,51,1.95
420,Allapalli,IN,2021-04-14 03:56:33,19.4167,80.0667,93.47,35,86,6.69
421,Los Llanos De Aridane,ES,2021-04-14 03:56:34,28.6585,-17.9182,68.0,68,0,4.61
422,San Patricio,US,2021-04-14 03:56:34,28.017,-97.5169,75.2,94,75,10.36
423,Ngunguru,NZ,2021-04-14 03:56:34,-35.6167,174.5,62.01,78,52,17.4
424,Rio Grande,BR,2021-04-14 03:56:35,-32.035,-52.0986,55.0,96,0,7.31
425,Birao,CF,2021-04-14 03:56:35,10.2849,22.7882,69.71,11,21,3.49
426,Tondano,ID,2021-04-14 03:56:36,1.3038,124.9112,89.6,58,20,11.5
427,Codrington,AU,2021-04-14 03:56:36,-38.2667,141.9667,63.52,59,21,21.52
428,Pyshma,RU,2021-04-14 03:56:36,56.9523,63.2513,50.81,83,100,9.6
429,Kibala,TD,2021-04-14 03:56:37,9.1104,18.3463,84.2,54,0,6.76
430,Jacmel,HT,2021-04-14 03:56:37,18.2342,-72.5347,80.6,78,20,2.3
431,Ramanathapuram,IN,2021-04-14 03:56:37,9.3833,78.8333,86.13,61,60,5.39
432,Cabo San Lucas,MX,2021-04-14 03:56:38,22.8909,-109.9124,71.6,64,20,5.75
433,Cape Coast,GH,2021-04-14 03:56:38,5.1053,-1.2466,80.13,86,81,8.52
434,Vitina,BA,2021-04-14 03:56:39,43.2375,17.4839,44.6,70,75,3.44
435,Tautira,PF,2021-04-14 03:56:39,-17.7333,-149.15,80.6,78,75,11.5
436,Hastings,GB,2021-04-14 03:56:39,50.8552,0.5729,39.0,78,3,1.99
437,Salalah,OM,2021-04-14 03:56:40,17.0151,54.0924,77.0,73,0,3.44
438,Gorgan,IR,2021-04-14 03:53:56,36.8387,54.4348,57.2,94,90,1.7
439,Hauterive,FR,2021-04-14 03:56:40,46.0901,3.4459,30.0,74,0,1.74
440,Saint-Augustin,CA,2021-04-14 03:56:41,51.226,-58.6502,33.03,79,8,7.2
441,Mawlaik,MM,2021-04-14 03:56:41,23.6333,94.4167,104.41,10,1,1.57
442,Maldonado,UY,2021-04-14 03:53:14,-34.6667,-54.9167,61.0,94,0,3.44
443,Turayf,SA,2021-04-14 03:56:42,31.6725,38.6637,46.4,57,0,9.22
444,Molteno,ZA,2021-04-14 03:56:42,-31.3968,26.3625,58.14,39,26,0.54
445,Necochea,AR,2021-04-14 03:56:43,-38.5473,-58.7368,59.0,84,0,7.0
446,Sao Francisco Do Sul,BR,2021-04-14 03:56:43,-26.2433,-48.6381,64.99,85,47,10.0
447,Kaeo,NZ,2021-04-14 03:56:43,-35.1,173.7833,62.11,79,46,17.13
448,Emporia,US,2021-04-14 03:56:21,38.4039,-96.1817,53.6,40,40,4.61
449,Funadhoo,MV,2021-04-14 03:56:44,6.15,73.2667,83.55,67,29,3.04
450,Oksovskiy,RU,2021-04-14 03:56:44,62.6062,39.8984,43.95,99,100,4.21
451,Balkanabat,TM,2021-04-14 03:56:44,39.5108,54.3671,72.28,12,23,22.39
452,Tete,MZ,2021-04-14 03:56:45,-16.1564,33.5867,71.6,100,40,4.61
453,Fatsa,TR,2021-04-14 03:56:45,41.0278,37.5014,41.0,100,40,7.07
454,Princeton,US,2021-04-14 03:56:46,25.5384,-80.4089,71.6,88,1,8.97
455,Bengkulu,ID,2021-04-14 03:52:01,-3.8004,102.2655,82.99,69,99,2.13
456,San Cristobal,VE,2021-04-14 03:56:46,7.7669,-72.225,68.63,87,100,2.53
457,Chumphon,TH,2021-04-14 03:56:47,10.3333,98.8333,87.01,89,75,3.44
458,Oyama,JP,2021-04-14 03:56:47,36.3,139.8,66.99,94,75,4.61
459,Plyussa,RU,2021-04-14 03:56:47,58.4308,29.3654,38.17,64,100,7.67
460,Axim,GH,2021-04-14 03:56:48,4.8699,-2.2405,80.04,83,82,5.93
461,Ciudad Guayana,VE,2021-04-14 03:56:48,8.3533,-62.6528,80.01,86,94,1.99
462,Vao,NC,2021-04-14 03:56:49,-22.6667,167.4833,75.24,85,86,22.37
463,Jalu,LY,2021-04-14 03:56:49,29.0331,21.5482,65.05,23,68,15.75
464,Wanning,CN,2021-04-14 03:56:49,18.8003,110.3967,83.5,63,83,8.28
465,Coquimbo,CL,2021-04-14 03:56:50,-29.9533,-71.3436,57.2,88,90,4.61
466,Avera,US,2021-04-14 03:56:50,33.194,-82.5271,66.2,63,1,5.75
467,Anori,BR,2021-04-14 03:56:50,-3.7728,-61.6442,74.19,97,99,2.39
468,Te Anau,NZ,2021-04-14 03:56:51,-45.4167,167.7167,56.62,71,69,1.05
469,Ormara,PK,2021-04-14 03:56:51,25.2088,64.6357,80.17,61,5,8.75
470,Seoul,KR,2021-04-14 03:52:37,37.5683,126.9778,57.2,30,0,13.8
471,Pingzhuang,CN,2021-04-14 03:56:51,42.0372,119.2889,56.73,12,31,8.72
472,Teahupoo,PF,2021-04-14 03:56:52,-17.8333,-149.2667,80.6,78,75,11.5
473,Luwingu,ZM,2021-04-14 03:56:52,-10.2621,29.9271,58.64,97,86,5.12
474,Parambu,BR,2021-04-14 03:56:53,-6.2111,-40.6944,68.47,86,42,2.08
475,Dingle,PH,2021-04-14 03:56:53,10.9995,122.6711,88.5,57,53,8.81
476,Sompeta,IN,2021-04-14 03:56:53,18.9333,84.6,90.57,50,21,8.93
477,Belomorsk,RU,2021-04-14 03:56:54,64.5232,34.7668,39.24,83,100,6.22
478,Ewa Beach,US,2021-04-14 03:56:54,21.3156,-158.0072,80.6,44,1,10.36
479,Teya,RU,2021-04-14 03:56:54,60.3778,92.6267,29.91,79,99,10.25
480,Odesskoye,RU,2021-04-14 03:56:55,54.2111,72.9651,39.31,86,69,12.86
481,Bonavista,CA,2021-04-14 03:56:55,48.6499,-53.1147,35.01,93,14,5.75
482,Poro,PH,2021-04-14 03:56:55,10.6292,124.4087,87.8,66,20,13.8
483,Svetlaya,RU,2021-04-14 03:56:56,46.5389,138.3297,37.45,35,90,15.77
484,Olinda,BR,2021-04-14 03:56:56,-8.0089,-34.8553,77.0,83,75,5.91
485,Biloela,AU,2021-04-14 03:56:56,-24.4167,150.5,82.36,23,0,2.24
486,Maningrida,AU,2021-04-14 03:56:57,-12.0667,134.2667,88.92,35,81,4.52
487,Santa Vitoria Do Palmar,BR,2021-04-14 03:53:44,-33.5189,-53.3681,58.19,81,0,2.86
488,Torquay,GB,2021-04-14 03:56:57,50.4638,-3.5143,42.01,1,11,4.65
489,Ballina,AU,2021-04-14 03:56:58,-28.8667,153.5667,77.0,50,0,16.11
490,Sulangan,PH,2021-04-14 03:56:58,11.1373,123.7228,82.15,77,18,10.27
491,Mount Isa,AU,2021-04-14 03:56:58,-20.7333,139.5,93.2,18,1,6.91
492,Looc,PH,2021-04-14 03:56:59,12.2605,121.9926,87.82,60,96,5.91
493,Alekseyevka,RU,2021-04-14 03:56:59,50.6309,38.6903,51.48,88,78,4.54
494,Saryozek,KZ,2021-04-14 03:56:59,44.3583,77.9753,58.14,39,65,1.01
495,Keffi,NG,2021-04-14 03:57:00,8.8486,7.8736,76.95,70,100,1.99
496,San Policarpo,PH,2021-04-14 03:57:00,12.1791,125.5072,82.15,80,100,8.41
497,Whitehorse,CA,2021-04-14 03:53:38,60.7161,-135.0538,39.2,56,75,9.22
498,Kletskaya,RU,2021-04-14 03:57:01,49.3145,43.0584,48.0,62,78,1.01
499,Colares,PT,2021-04-14 03:57:01,38.7992,-9.4469,61.0,89,96,4.41
500,Maputo,MZ,2021-04-14 03:57:01,-25.9653,32.5892,69.8,94,20,2.3
501,Gizo,SB,2021-04-14 03:57:02,-8.103,156.8419,81.93,76,97,6.8
502,Yar-Sale,RU,2021-04-14 03:57:02,66.8333,70.8333,21.74,92,70,5.26
503,Kawalu,ID,2021-04-14 03:57:03,-7.3817,108.2082,88.21,55,53,2.33
504,Nicoya,CR,2021-04-14 03:57:03,10.1483,-85.452,82.4,61,40,14.97
505,Lundazi,ZM,2021-04-14 03:57:04,-12.2929,33.1782,63.93,84,83,8.08
506,Yarmouth,US,2021-04-14 03:57:04,41.7057,-70.2286,45.0,87,75,3.44
507,Lopatino,RU,2021-04-14 03:57:05,52.6195,45.8118,48.38,65,4,9.37
508,Caxito,AO,2021-04-14 03:57:05,-8.5785,13.6643,75.2,94,40,6.91
509,Carauari,BR,2021-04-14 03:57:05,-4.8828,-66.8958,73.45,98,100,1.9
510,Zlitan,LY,2021-04-14 03:57:06,32.4674,14.5687,57.81,70,65,14.41
511,Varhaug,NO,2021-04-14 03:57:06,58.6147,5.6457,34.0,88,41,19.06
512,Kirkwall,GB,2021-04-14 03:57:06,58.9848,-2.9587,35.6,87,100,4.61
513,Lokosovo,RU,2021-04-14 03:57:07,61.1333,74.8167,36.55,98,100,11.54
514,Takoradi,GH,2021-04-14 03:57:07,4.8845,-1.7554,79.65,85,81,6.58
515,Cusco,PE,2021-04-14 03:57:07,-13.5183,-71.9781,45.66,88,41,3.42
516,Bam,IR,2021-04-14 03:57:08,29.106,58.357,76.87,24,84,9.82
517,San Vicente De Chucuri,CO,2021-04-14 03:57:08,6.881,-73.4098,70.97,92,98,3.49
518,Grass Valley,US,2021-04-14 03:52:46,39.2191,-121.0611,55.0,46,90,8.05
519,Goderich,CA,2021-04-14 03:57:09,43.7501,-81.7165,48.2,61,97,1.14
520,Taoudenni,ML,2021-04-14 03:57:09,22.6783,-3.9836,86.05,12,82,10.31
521,Makubetsu,JP,2021-04-14 03:57:09,45.3714,141.8211,39.2,48,75,26.46
522,Tiarei,PF,2021-04-14 03:56:38,-17.5333,-149.3333,80.6,78,75,11.5
523,Puerto Madero,MX,2021-04-14 03:57:10,14.7208,-92.4215,80.6,89,1,3.69
524,Wanlaweyn,SO,2021-04-14 03:57:10,2.6185,44.8938,80.42,69,66,5.86
525,Coburg,DE,2021-04-14 03:57:11,50.2667,10.9667,28.0,92,20,2.48
526,Islamkot,PK,2021-04-14 03:57:11,24.6997,70.177,84.79,30,3,11.72
527,Espanola,US,2021-04-14 03:57:11,35.9911,-106.0806,48.99,9,40,8.05
528,Grand Forks,US,2021-04-14 03:55:35,47.9417,-97.4337,28.4,100,90,17.27
529,Laguna,US,2021-04-14 03:57:12,38.421,-121.4238,60.8,55,1,13.8
530,Qarqin,AF,2021-04-14 03:57:12,37.4185,66.0436,72.73,27,63,1.95
531,Loukhi,RU,2021-04-14 03:57:12,66.0764,33.0381,30.87,86,93,9.44
532,Aguimes,ES,2021-04-14 03:57:13,27.9054,-15.4461,68.0,73,20,3.44
533,Parabel,RU,2021-04-14 03:57:13,58.6978,81.4825,39.02,91,100,13.53
534,Cockburn Town,TC,2021-04-14 03:57:13,21.4612,-71.1419,76.03,63,15,15.68
535,Lebedyn,UA,2021-04-14 03:55:14,50.5852,34.4849,46.17,89,61,6.51
536,Marawi,PH,2021-04-14 03:57:14,7.9986,124.2928,84.0,83,80,8.01
537,Ostersund,SE,2021-04-14 03:56:31,63.1792,14.6357,26.6,93,40,10.36
538,Sisimiut,GL,2021-04-14 03:57:14,66.9395,-53.6735,26.85,92,100,14.5
539,Abu Kamal,SY,2021-04-14 03:57:15,34.4506,40.9171,55.42,54,8,7.4
540,Fuerte Olimpo,PY,2021-04-14 03:57:15,-21.0415,-57.8738,73.99,63,3,3.87
541,Aranjuez,ES,2021-04-14 03:57:15,40.0311,-3.6025,52.0,82,90,3.44
542,Belaya Gora,RU,2021-04-14 03:57:16,68.5333,146.4167,13.77,71,10,2.57
543,Rocha,UY,2021-04-14 03:57:16,-34.4833,-54.3333,54.97,88,0,4.16
544,Naples,IT,2021-04-14 03:57:16,40.8333,14.25,48.2,71,75,5.75
545,Hoa Binh,VN,2021-04-14 03:57:17,20.8133,105.3383,80.6,83,75,6.91
546,Alugan,PH,2021-04-14 03:57:17,12.2188,125.4808,81.97,80,100,7.94
547,Mahibadhoo,MV,2021-04-14 03:57:17,3.7833,72.9667,82.58,70,85,5.66
548,Neftcala,AZ,2021-04-14 03:57:18,39.3742,49.2472,57.15,61,1,4.63
549,Kilrush,IE,2021-04-14 03:57:18,52.6397,-9.4833,41.0,93,20,2.3
550,Kalga,RU,2021-04-14 03:57:18,50.9251,118.898,39.97,46,100,10.22
551,Adre,TD,2021-04-14 03:57:19,13.4667,22.2,68.25,11,28,11.27
552,Berezovyy,RU,2021-04-14 03:57:19,51.6667,135.7,25.39,79,100,3.49
553,Naze,JP,2021-04-14 03:57:19,28.3667,129.4833,69.8,60,75,16.11
554,Guayaramerin,BO,2021-04-14 03:57:20,-10.8368,-65.3614,71.71,98,44,2.77
555,Husavik,IS,2021-04-14 03:57:20,66.0449,-17.3389,41.0,60,0,16.11
556,Tornio,FI,2021-04-14 03:57:20,65.8481,24.1466,26.6,93,0,5.75
557,Lata,PT,2021-04-14 03:57:21,40.1629,-8.3327,60.01,94,100,1.99
558,Lakes Entrance,AU,2021-04-14 03:57:21,-37.8811,147.981,73.99,36,49,5.01
559,Colinas,BR,2021-04-14 03:57:22,-6.0258,-44.2492,72.34,97,100,1.7
560,Isernia,IT,2021-04-14 03:57:22,41.6002,14.2382,46.0,94,88,5.01
561,Segezha,RU,2021-04-14 03:57:22,63.7415,34.3222,36.86,91,100,7.74
562,Begun,IN,2021-04-14 03:57:23,24.9833,75.0,90.27,12,77,10.94
563,Kushmurun,KZ,2021-04-14 03:57:23,52.4503,64.6311,41.32,75,0,3.44
